
<employee>
<employee_code>101</employee_code>
<employee_name>Preetam</employee_name>
<date_of_joining>10-JAN-2010</date_of_joining>
<salary>18000</salary>
<grade>A</grade>
<department_code>20</department_code>
</employee>

<employee2>
<employee_code>102</employee_code>
<employee_name>Aakash</employee_name>
<date_of_joining>10-NOV-2005</date_of_joining>
<salary>48000</salary>
<grade>C</grade>
<department_code>10</department_code>
</employee2>

<employee3>
<employee_code>103</employee_code>
<employee_name>Kishore</employee_name>
<date_of_joining>19-DEC-2011</date_of_joining>
<salary>42000</salary>
<grade>C</grade>
<department_code>40</department_code>
</employee3>

<employee4>
<employee_code>104</employee_code>
<employee_name>Reena</employee_name>
<date_of_joining>23-JUN-2006</date_of_joining>
<salary>18000</salary>
<grade>A</grade>
<department_code>20</department_code>
</employee4>

<employee5>
<employee_code>105</employee_code>
<employee_name>Kailash</employee_name>
<date_of_joining>05-FEB-2004</date_of_joining>
<salary>36000</salary>
<grade>C</grade>
<department_code>30</department_code>
</employee5>

