<?xml version="1.0" encoding="ISO-8859-1"?>
<employees
xmlns:xsi="http://www.w3.org/2001/XMLSchema-instance"
xsi:noNamespaceSchemaLocation="emp.xsd">
<employee>
<employee_code>101</employee_code>
<employee_name>Preetam</employee_name>
<date_of_joining>10-JAN-2010</date_of_joining>
<salary>18000</salary>
<grade>A</grade>
<department_code>20</department_code>
</employee>

<employee>
<employee_code>102</employee_code>
<employee_name>Aakash</employee_name>
<date_of_joining>10-NOV-2005</date_of_joining>
<salary>48000</salary>
<grade>C</grade>
<department_code>10</department_code>
</employee>

<employee>
<employee_code>103</employee_code>
<employee_name>Kishore</employee_name>
<date_of_joining>19-DEC-2011</date_of_joining>
<salary>42000</salary>
<grade>C</grade>
<department_code>40</department_code>
</employee>

<employee>
<employee_code>104</employee_code>
<employee_name>Reena</employee_name>
<date_of_joining>23-JUN-2006</date_of_joining>
<salary>18000</salary>
<grade>A</grade>
<department_code>20</department_code>
</employee>

<employee>
<employee_code>105</employee_code>
<employee_name>Kailash</employee_name>
<date_of_joining>05-FEB-2004</date_of_joining>
<salary>36000</salary>
<grade>C</grade>
<department_code>30</department_code>
</employee>

<department>
<department_codee>1111</department_codee>
<department_name>1234</department_name>
<department_num>12345</department_num>
</department>
</employees>
